{
  "anagramas": [
    {
      "palavraEmbaralhada": "OASP",
      "palavrasValidas": ["SAPO", "SOPA"]
    },
    {
      "palavraEmbaralhada": "SCAA",
      "palavrasValidas": ["CASA", "SACA"]
    },
     {
      "palavraEmbaralhada": "LBOO",
      "palavrasValidas": ["BOLO", "LOBO"]
    },
    {
      "palavraEmbaralhada": "TAAL",
      "palavrasValidas": ["LATA", "TALA", "ALTA"]
    },
    {
      "palavraEmbaralhada": "TARO",
      "palavrasValidas": ["RATO", "TORA", "ROTA", "ATOR"]
    },
    {
      "palavrasValidas": ["AMOR", "ROMA", "MORA", "RAMO"],
      "palavraEmbaralhada": "OMAR"
    },
    {
      "palavraEmbaralhada": "OARTP",
      "palavrasValidas": ["PORTA", "TROPA", "PARTO", "RAPTO"]
    },
    {
      "palavraEmbaralhada": "RETCO",
      "palavrasValidas": ["CETRO", "CORTE", "TORCE", "TERCO"]
    },
    {
      "palavraEmbaralhada": "OARGL",
      "palavrasValidas": ["LARGO", "GOLAR", "GORAL", "ARGOL", "LOGAR"]
    },
    {
      "palavraEmbaralhada": "AINERM",
      "palavrasValidas": ["MINERA", "REMINA", "ANEMIA", "MINEAR", "REMINAR"]
    }
  ]
}

