[
  { "pergunta": "Quanto é 5 + 3 ?", "resposta": "8" },
  { "pergunta": "Quanto é 10 - 2 ?", "resposta": "8" },
  { "pergunta": "Quanto é 4 x 3 ?", "resposta": "12" },
  { "pergunta": "Quanto é 15 ÷ 3 ?", "resposta": "5" },
  { "pergunta": "Qual é o dobro de 7 ?", "resposta": "14" },
  { "pergunta": "Quanto é 8 + 6 ?", "resposta": "14" },
  { "pergunta": "Quanto é 20 ÷ 4 ?", "resposta": "5" },
  { "pergunta": "Quanto é 18 - 5 ?", "resposta": "13" },
  { "pergunta": "Quanto é 6 x 2 ?", "resposta": "12" },
  { "pergunta": "Quanto é 9 + 5 ?", "resposta": "14" },
  { "pergunta": "Quanto é 7 x 3 ?", "resposta": "21" },
  { "pergunta": "Quanto é 16 ÷ 2 ?", "resposta": "8" },
  { "pergunta": "Quanto é 12 - 4 ?", "resposta": "8" },
  { "pergunta": "Quanto é 5 x 5 ?", "resposta": "25" },
  { "pergunta": "Quanto é 30 ÷ 6 ?", "resposta": "5" },
  { "pergunta": "Quanto é 11 + 4 ?", "resposta": "15" },
  { "pergunta": "Quanto é 25 - 10 ?", "resposta": "15" },
  { "pergunta": "Quanto é 8 x 2 ?", "resposta": "16" },
  { "pergunta": "Quanto é 14 ÷ 7 ?", "resposta": "2" },
  { "pergunta": "Quanto é 3 + 9 ?", "resposta": "12" },
  { "pergunta": "Quanto é 50 ÷ 5 ?", "resposta": "10" },
  { "pergunta": "Quanto é 4 x 5 ?", "resposta": "20" },
  { "pergunta": "Quanto é 30 - 3 ?", "resposta": "27" },
  { "pergunta": "Quanto é 7 + 7 ?", "resposta": "14" },
  { "pergunta": "Quanto é 18 ÷ 3 ?", "resposta": "6" },
  { "pergunta": "Quanto é 9 x 2 ?", "resposta": "18" },
  { "pergunta": "Quanto é 10 + 15 ?", "resposta": "25" },
  { "pergunta": "Quanto é 24 ÷ 4 ?", "resposta": "6" },
  { "pergunta": "Quanto é 13 - 6 ?", "resposta": "7" },
  { "pergunta": "Parabéns! Chegou ao fim do tabuleiro!", "resposta": "" }
]