[
  {
    "pergunta": "Quanto é 6 + 3?",
    "opcoes": ["9", "6", "4", "3"],
    "resposta": "9"
  },
  {
    "pergunta": "Qual número vem depois do 9?",
    "opcoes": ["8", "11", "10", "12"],
    "resposta": "10"
  },
  {
    "pergunta": "Quanto é 5-2?",
    "opcoes": ["3", "4", "2", "1"],
    "resposta": "3"
  },
  {
    "pergunta": "Mateus tem um cesto com 6 maçãs e 2 bananas. Quantas frutas há no total?",
    "opcoes": ["10", "7", "8", "9"],
    "resposta": "8"
  },
  {
    "pergunta": "Se Nai tem 10 balas e come 3, com quantas balas ela fica?",
    "opcoes": ["5", "7", "8", "6"],
    "resposta": "7"
  },
  {
    "pergunta": "Marta tem 5 cestas, cada uma com 2 maçãs. Quantas maçãs ela tem?",
    "opcoes": ["7", "12", "10", "15"],
    "resposta": "10"
  },
  {
    "pergunta": "Um cachorro tem 4 patas. Quantas patas têm 2 cachorros?",
    "opcoes": ["4", "8", "10", "6"],
    "resposta": "8"
  },
  {
    "pergunta": "Tiago tem 2 caixas com 6 lápis em cada uma. Quantos lápis ele tem no total?",
    "opcoes": ["10", "12", "8", "14"],
    "resposta": "12"
  },
  {
    "pergunta": "Um ônibus tem 20 lugares. Se 12 pessoas já estão sentadas, quantos lugares ainda estão livres?",
    "opcoes": ["7", "9", "8", "10"],
    "resposta": "8"
  },
  {
    "pergunta": "Luiza tem 12 balas e quer dividir igualmente entre 4 amigos. Quantas balas cada um recebe?",
    "opcoes": ["3", "4", "6", "2"],
    "resposta": "3"
  }
]